<?xml version="1.0" encoding="UTF-8"?>
<project-private xmlns="http://www.netbeans.org/ns/project-private/1">
    <editor-bookmarks xmlns="http://www.netbeans.org/ns/editor-bookmarks/2" lastBookmarkId="0"/>
    <open-files xmlns="http://www.netbeans.org/ns/projectui-open-files/2">
        <group>
            <file>file:/C:/Users/KK/Documents/NetBeansProjects/PROJECT%20%20OOP%20LAB/Student/src/Student_mamagment_System/AdminPage.java</file>
            <file>file:/C:/Users/KK/Documents/NetBeansProjects/PROJECT%20%20OOP%20LAB/Student/src/Student_mamagment_System/view_announcement.java</file>
            <file>file:/C:/Users/KK/Documents/NetBeansProjects/PROJECT%20%20OOP%20LAB/Student/src/Student_mamagment_System/VIEW_QUIZ.java</file>
            <file>file:/C:/Users/KK/Documents/NetBeansProjects/PROJECT%20%20OOP%20LAB/Student/src/Student_mamagment_System/Add_Attendence.java</file>
            <file>file:/C:/Users/KK/Documents/NetBeansProjects/PROJECT%20%20OOP%20LAB/Student/src/Student_mamagment_System/Student_Profile.java</file>
            <file>file:/C:/Users/KK/Documents/NetBeansProjects/PROJECT%20%20OOP%20LAB/Student/src/Student_mamagment_System/ViewGrades.java</file>
            <file>file:/C:/Users/KK/Documents/NetBeansProjects/PROJECT%20%20OOP%20LAB/Student/src/Student_mamagment_System/Quiz_question.java</file>
            <file>file:/C:/Users/KK/Documents/NetBeansProjects/PROJECT%20%20OOP%20LAB/Student/src/Student_mamagment_System/Start.java</file>
            <file>file:/C:/Users/KK/Documents/NetBeansProjects/PROJECT%20%20OOP%20LAB/Student/src/Student_mamagment_System/Teacher_main.java</file>
            <file>file:/C:/Users/KK/Documents/NetBeansProjects/PROJECT%20%20OOP%20LAB/Student/src/Student_mamagment_System/Add_Teacher_Record.java</file>
            <file>file:/C:/Users/KK/Documents/NetBeansProjects/PROJECT%20%20OOP%20LAB/Student/src/Student_mamagment_System/Add_Student_Record.java</file>
            <file>file:/C:/Users/KK/Documents/NetBeansProjects/PROJECT%20%20OOP%20LAB/Student/src/Student_mamagment_System/Add_Grades.java</file>
            <file>file:/C:/Users/KK/Documents/NetBeansProjects/PROJECT%20%20OOP%20LAB/Student/src/Student_mamagment_System/Quiz_Analytics.java</file>
            <file>file:/C:/Users/KK/Documents/NetBeansProjects/PROJECT%20%20OOP%20LAB/Student/src/Student_mamagment_System/Student.java</file>
            <file>file:/C:/Users/KK/Documents/NetBeansProjects/PROJECT%20%20OOP%20LAB/Student/src/Student_mamagment_System/T_notify.java</file>
            <file>file:/C:/Users/KK/Documents/NetBeansProjects/PROJECT%20%20OOP%20LAB/Student/src/Student_mamagment_System/ViewAttendence.java</file>
            <file>file:/C:/Users/KK/Documents/NetBeansProjects/PROJECT%20%20OOP%20LAB/Student/src/Student_mamagment_System/Add_Course.java</file>
        </group>
    </open-files>
</project-private>
